id,status_name,description
462,Pending ,payment on hold
8544,Paid,full payment
9513,Paid,partial payment
504,Paid,partial payment
1151,Paid,partial payment
4354,Pending ,payment on hold
4915,Paid,full payment
4230,Paid,partial payment
1847,Paid,partial payment
7656,Paid,full payment
7413,Outstanding,No payment
2846,Paid,full payment
4261,Paid,full payment
2254,Pending ,payment on hold
3596,Pending ,payment on hold
1787,Paid,full payment
5264,Paid,full payment
4398,Paid,partial payment
6307,Pending ,payment on hold
9791,Paid,full payment
